Workbook
Name Prioritetsliste: '[2]Datasource 2'!$M$14:$M$16
Name Prioritetsliste_alt: '[2]Datasource 2'!$N$14:$N$15
Name Prosessliste: OFFSET([2]Forretningsprosesser!$B$2,0,0,COUNTA([2]Forretningsprosesser!$B:$B)-1,1)
Name Systemliste: OFFSET(#REF!,0,0,COUNTA(#REF!)-1,1)
Name sårbarhetsliste: OFFSET([2]Sårbarheter!$A$2,0,0,COUNT([2]Sårbarheter!$A:$A)-1,1)
Name Trusselliste: OFFSET([2]Trusselvurdering!$B$3,0,0,COUNTA([2]Trusselvurdering!$B:$B)-1,1)
Name Verdier: OFFSET([3]Verdivurdering!$B$2,0,0,COUNTA([4]Verdivurdering!$B$2:$B$400),1)
Name Verdiliste: OFFSET([2]Verdivurdering!$B$2,0,0,COUNTA([2]Verdivurdering!$B$2:$B$400),1)
Name Prioritetsliste: '[1]Datasource 2'!$M$14:$M$16
Name Prioritetsliste_alt: '[1]Datasource 2'!$N$14:$N$15
Name Prosessliste: OFFSET([1]Forretningsprosesser!$B$2,0,0,COUNTA([1]Forretningsprosesser!$B:$B)-1,1)
Name Systemliste: OFFSET(#REF!,0,0,COUNTA(#REF!)-1,1)
Name sårbarhetsliste: OFFSET([1]Sårbarheter!$A$2,0,0,COUNT([1]Sårbarheter!$A:$A)-1,1)
Name Trusselliste: OFFSET([1]Trusselvurdering!$B$3,0,0,COUNTA([1]Trusselvurdering!$B:$B)-1,1)
Name Verdiliste: OFFSET([1]Verdivurdering!$B$2,0,0,COUNTA([1]Verdivurdering!$B$2:$B$400),1)

Sheet Forside
B1: (Versjon 1.0)
B3: Forside - risikovurdering av | I3: Naturportrett (pilot)
B4: Her kan det dokumenteres administrativ informasjon om risikovurderingen, for eksempel omfang, risikoeier og hvem som har deltatt.
B5: Med risikoeier menes systemeier eller linjeleder som skal akseptere restrisiko for system eller prosess.
B6: Omfang av system eller prosess som skal risikovurderes: | I6: Webapplikasjon for identifisering av biologisk mangfold innenfor 500 m influenssone av en eiendom under utvikling. Pilot/POC driftet på Railway (https://naturportrett.figurate.studio). Bruker eksterne API-er (Kartverket, iNaturalist, GBIF) og Anthropic Claude (server-proxy) for AI-genererte naturfaglige vurderinger. Tiltenkte brukere: arkitekter, eiendomsutviklere og saksbehandlere i Plan- og bygningsetaten, Oslo kommune. Vurderingen dekker hele løsningen — frontend, server-proxy, datakilder, KI-integrasjon, drift. FORUTSETNINGER FOR PILOTEN: (1) RAG-system mot Oslo kommunes kunnskapsbase etableres snarlig — initielt indekseres dokumentene i /Kunnskapsbase (Veileder Biotoptak, Metode Biotoptak, Informasjonskilder arter og natur). (2) Datakildene utvides iht. opprinnelig plan: Artsdatabanken API (live), NiN-systemet (naturtyper), Norge i bilder (ortofoto), Miljødirektoratet (vern, vilt), Plankart Oslo / FKB, MGS Oslo.
B7: Dato for risikovurdering: | I7: 26.05.2026
B8: Risikoeier (Systemeier, linjeleder el.lign.): | I8: Plan- og bygningsetaten, Oslo kommune (tiltenkt systemeier ved utrulling)
B9: Fasilitator av risikovurderingen: | I9: Andreas Fadum (prosjektleder/utvikler)
B10: Deltakere i risikovurderingen: | I10: Andreas Fadum (utvikler) | Plan- og bygningsetaten (tiltenkt eier) | Fagressurs naturmangfold (TBD) | Sikkerhetsansvarlig PBE (TBD)

Sheet Veiledning
B3: Veiledning
B4: Det vises til dokumentet Veileder for risikovurdering - Informasjonssikkerhet for forklaring av metodikk. Se
B5: https://felles.intranett.oslo.kommune.no/informasjonssikkerhet-og-personvern/informasjonssikkerhet/risikostyring/
B6: Ved spørsmål til bruken av regnearket, ta kontakt med: Eirik Saltkjel i Byrådsavdeling for finans.

Sheet Akseptkriterier
D3: SANNSYNLIGHET | F3: KONSEKVENS | H3: RISIKO
D4: Meget liten | E4: 1 | F4: Ubetydelig | G4: 1 | H4: Lav | I4: 1
D5: Liten | E5: 2 | F5: Lav | G5: 2 | I5: 2
D6: Moderat | E6: 3 | F6: Moderat | G6: 3 | H6: Middels | I6: 3
D7: Stor | E7: 4 | F7: Alvorlig | G7: 4 | I7: 4
D8: Svært stor | E8: 5 | F8: Svært alvorlig | G8: 5 | H8: Høy | I8: 5
D11: Konsekvensmatrise
E12: Liv og helse | F12: Økonomi | G12: Tillit | H12: Etterlevelse av lover og regler | I12: Måloppnåelse
D13: =F8 | E13: Dødsfall eller flere personer rammes av alvorlig varig funksjons-nedsettelse eller skade. | F13: Tap/skade på over 5 mill kroner for virksomheten | G13: Langvarige og svært negative oppslag i riksdekkende media. Vesentlig tap av tillit hos innbyggere og samfunnet. | H13: Kan medføre eller bidra til alvorlig brudd på lov, forskrift eller annet regelverk. | I13: Manglende oppnåelse av kritiske mål i virksomheten.
D14: =F7 | E14: Alvorlig personskade eller varig funksjons-nedsettelse. | F14: Tap/skade mellom kr 1 og 5 mill for virksomheten | G14: Negative oppslag i riksdekkende media over flere dager. Tap av tillit hos innbyggere og samfunnet. | H14: Kan medføre eller bidra til brudd på lov, forskrift eller annet regelverk. | I14: Manglende oppnåelse av mindre kritiske mål i virksomheten.
D15: =F6 | E15: Mindre alvorlig personskade | F15: Tap/skade mellom kr 250.000 til 1 mill for virksomheten | G15: Mindre eller kortvarige oppslag i media. | H15: Kan medføre eller bidra til mindre alvorlige brudd på lov, forskrift eller annet regelverk. Kan medføre brudd på intern instruks eller reglement. | I15: Moderat innvirkning på oppnåelse av virksomhetens mål.
D16: =F5 | E16: Småskader | F16: Tap/skade mellom kr 50.000 og 250.000 for virksomheten | G16: Henvendelse fra media uten negative oppslag. | H16: Kan medføre brudd på intern instruks eller reglement, uten at dette medfører brudd på lov, forskrift eller annet regelverk. | I16: Liten innvirkning på oppnåelses av virksomhetens mål.
D17: =F4 | E17: Ingen skade | F17: Tap/skade på mindre enn 50.000 kroner for virksomheten | G17: Ubetydelig påvirkning fra media. | H17: Påvirker ikke etterlevelse | I17: Ubetydelig innvirkning på oppnåelse av virksomhetens mål.
D22: Sannsynlighetskategorier og -nivåer
E23: Hvor ofte skjer det? | G23: Hvor lett skjer det?
E24: Forventning | F24: Estimert sannsynlighet | G24: Sårbarhet | H24: Kapasitet og evne | I24: Intensjon
D25: =D8 | E25: Forventes å inntreffe tilnærmet ukentlig. | F25: Hendelsen vil oppstå under de fleste omstendigheter (inntreffer med over 70 % sannsynlighet) | G25: Sikkerhetstiltak er ikke etablert eller fungerer ikke etter hensikten | H25: Sikkerhetstiltak kan omgås eller brytes av egne medarbeidere og eksterne: • Med små til normale ressurser • Uten kjennskap til tiltakene | I25: Egne medarbeidere og eksterne opptrer med ubetenksomhet, eller hendelsen skjer ved uhell
D26: =D7 | E26: Forventes å inntreffe tilnærmet månedlig. | F26: Hendelsen kan oppstå under flere omstendigheter (inntreffer med 30 – 70 % sannsynlighet) | G26: Sikkerhetstiltak er i noen grad etablert eller det er usikkert om de fungerer etter hensikten | H26: Egne medarbeidere • små til normale ressurser • uten kjennskap til tiltakene Eksterne • små til normale ressurser • kjennskap til tiltakene | I26: Egne medarbeidere opptrer med ubetenksomhet, eller hendelsen skjer ved uhell Eksterne bryter sikkerhetstiltakene bevisst.
D27: =D6 | E27: Forventes å inntreffe minst kvartalsvis. | F27: Hendelsen kan oppstå under noen omstendigheter (inntreffer med 10 – 30 % sannsynlighet) | G27: Sikkerhetstiltak er delvis etablert, og fungerer delvis etter hensikten | H27: Egne medarbeidere • små til normale ressurser • noe kjennskap til tiltakene • uten kompetanse Eksterne • normal til gode ressurser • god kjennskap til tiltakene | I27: Egne medarbeidere bryter sikkerhetstiltakene bevisst . Eksterne planlegger og bryter sikkerhetstiltakene.
D28: =D5 | E28: Forventes å inntreffe årlig. | F28: Hendelsen kan oppstå under sjeldne omstendigheter (inntreffer med 5 – 10 % sannsynlighet) | G28: Sikkerhetstiltak er etablert etter sikkerhetsbehovet og fungerer etter hensikten | H28: Egne medarbeidere • små til normale ressurser • kjennskap til tiltakene • en viss kompetanse Eksterne • gode ressurser og spisskompetanse • fullstendig kjennskap til tiltakene | I28: Egne medarbeidere bryter sikkerhetstiltakene bevisst. Eksterne planlegger over lengre tid og bryter sikkerhetstiltakene.
D29: =D4 | E29: Forventes å finne sted sjeldnere enn en gang pr år. | F29: Hendelsen vil kun oppstå under helt spesielle omstendigheter (inntreffer med under 5 % sannsynlighet) | G29: Sikkerhetstiltak er etablert etter sikkerhetsbehovet og det kontrolleres at de fungerer etter hensikten | H29: Tiltakene kan kun brytes av egne medarbeidere • med gode ressurser, • god/fullstendig kjennskap til tiltakene. Eksternt personell kan kun omgå eller bryte tiltakene med hjelp fra interne. | I29: Egne medarbeidere planlegger og bryter sikkerhetstiltakene.
D32: 1 | E32: 2 | F32: 3 | G32: 4 | H32: 5
B33: =D8 | C33: 5 | D33: Middels | E33: Middels | F33: Høy | G33: Høy | H33: Høy
B34: =D7 | C34: 4 | D34: Lav | E34: Middels | F34: Middels | G34: Høy | H34: Høy
B35: =D6 | C35: 3 | D35: Lav | E35: Middels | F35: Middels | G35: Høy | H35: Høy
B36: =D5 | C36: 2 | D36: Lav | E36: Lav | F36: Middels | G36: Middels | H36: Høy
B37: =D4 | C37: 1 | D37: Lav | E37: Lav | F37: Middels | G37: Middels | H37: Middels
D38: =F4 | E38: =F5 | F38: =F6 | G38: =F7 | H38: =F8

Sheet Risikoanalyse
A1: Sanns_verdi | B1: Beregnet konsekvensverdi | C1: Sanns_etter_verdi | D1: Kons_etter_verdi | E1: RiskID | F1: Uønsket hendelse | G1: K, I, T | H1: Årsaker/svakheter | I1: Eksisterende tiltak | J1: Konsekvens | K1: Konsekvensbegrunnelse | L1: Sannsynlighet | M1: Sannsynlighetsbegrunnelse | N1: Risiko | O1: Risiko- behandling | P1: Foreslåtte tiltak | Q1: Konsekvens etter tiltak | R1: Sannsynlighet etter tiltak | S1: Restrisiko
A2: =IFERROR(VLOOKUP('Risikoanalyse'!L2,Akseptkriterier!$D$4:$E$8,2,FALSE),0) | B2: =IFERROR(VLOOKUP('Risikoanalyse'!J2,Akseptkriterier!$F$4:$G$8,2,FALSE),0) | C2: =IFERROR(VLOOKUP('Risikoanalyse'!R2,Akseptkriterier!$D$4:$E$8,2,FALSE),0) | D2: =IFERROR(VLOOKUP('Risikoanalyse'!Q2,Akseptkriterier!$F$4:$G$8,2,FALSE),0) | E2: R1 | F2: KI-generert naturfaglig vurdering inneholder hallusinasjoner, feiltolkninger av RAG-kontekst eller syntesefeil, og blir lagt til grunn i byggesaksbehandling. | G2: I | H2: Generative modeller kan feilformulere syntese selv med kildebelagt kontekst RAG kan returnere irrelevante eller delvise utdrag Klassiske hallusinasjoner kan fortsatt forekomme der RAG mangler treff | I2: Tjenesten merket som pilot/POC Strukturert JSON-output med 4 portretttyper begrenser frifabulering Disclaimers i UI om at output må kvalitetssikres RAG mot Oslo kommunes kunnskapsbase (forutsetning, snarlig etablering) Live oppslag mot Artsdatabanken og NiN (forutsetning) Kildehenvisning per påstand fra RAG-pipeline | J2: Alvorlig | K2: Feil naturfaglig grunnlag kan svekke vedtak etter naturmangfoldloven, skade biologisk mangfold og redusere tillit til etaten. | L2: Liten | M2: RAG gir kildebelagte svar og live oppslag mot autoritative kilder reduserer faktafeil betydelig. Restrisiko knyttet til syntese og kant-tilfeller uten dekning i kunnskapsbasen. | N2: =IF(NOT(E2=""),IFERROR(VLOOKUP(A2,Akseptkriterier!$C$33:$H$37,MATCH(B2,Akseptkriterier!$D$32:$H$32,0)+1,FALSE),""),"") | O2: Redusere | P2: Krav om fagverifisering før output brukes i saksbehandling Logging av kilder per anbefaling Begrens bruk til informasjonsformål inntil verifiseringssløyfe er etablert UI-flagging av påstander uten kildedekning | Q2: Lav | R2: Liten | S2: =IFERROR(VLOOKUP(C2,Akseptkriterier!$C$33:$H$37,MATCH(D2,Akseptkriterier!$D$32:$H$32,0)+1,FALSE),"")
A3: =IFERROR(VLOOKUP('Risikoanalyse'!L3,Akseptkriterier!$D$4:$E$8,2,FALSE),0) | B3: =IFERROR(VLOOKUP('Risikoanalyse'!J3,Akseptkriterier!$F$4:$G$8,2,FALSE),0) | C3: =IFERROR(VLOOKUP('Risikoanalyse'!R3,Akseptkriterier!$D$4:$E$8,2,FALSE),0) | D3: =IFERROR(VLOOKUP('Risikoanalyse'!Q3,Akseptkriterier!$F$4:$G$8,2,FALSE),0) | E3: R2 | F3: Anthropic API-nøkkel kommer på avveie og misbrukes til uautorisert bruk på Oslo kommunes regning. | G3: K | H3: Nøkkel lagret i miljøvariabel kan eksponeres ved feilkonfigurasjon Ingen rutinemessig nøkkelrotering Ingen anomalideteksjon på forbruk | I3: Nøkkel kun server-side (proxy-arkitektur) .env i .gitignore Railway secrets brukt i produksjon Ingen direkte fronthendend-eksponering | J3: Moderat | K3: Direkte økonomisk tap begrenset av Anthropic-budsjett. Indirekte: omdømme og tillit. | L3: Liten | M3: Sterk arkitektur og at nøkkel kun ligger i Railway, men ingen formell rotering eller alarm. | N3: =IF(NOT(E3=""),IFERROR(VLOOKUP(A3,Akseptkriterier!$C$33:$H$37,MATCH(B3,Akseptkriterier!$D$32:$H$32,0)+1,FALSE),""),"") | O3: Redusere | P3: Etabler rutine for nøkkelrotering (kvartalsvis) Sett hard usage cap hos Anthropic Aktiver alarm ved unormalt forbruk Vurder bruk av Oslo kommunes nøkkelhvelv ved portering | Q3: Lav | R3: Meget liten | S3: =IFERROR(VLOOKUP(C3,Akseptkriterier!$C$33:$H$37,MATCH(D3,Akseptkriterier!$D$32:$H$32,0)+1,FALSE),"")
A4: =IFERROR(VLOOKUP('Risikoanalyse'!L4,Akseptkriterier!$D$4:$E$8,2,FALSE),0) | B4: =IFERROR(VLOOKUP('Risikoanalyse'!J4,Akseptkriterier!$F$4:$G$8,2,FALSE),0) | C4: =IFERROR(VLOOKUP('Risikoanalyse'!R4,Akseptkriterier!$D$4:$E$8,2,FALSE),0) | D4: =IFERROR(VLOOKUP('Risikoanalyse'!Q4,Akseptkriterier!$F$4:$G$8,2,FALSE),0) | E4: R3 | F4: Tjenesten er utilgjengelig på grunn av driftsutfall hos Railway eller mottatt SIGTERM uten automatisk restart. | G4: T | H4: Hosting på enkelt Railway-instans uten redundans Ingen automatisk helsesjekk eller alarm Railway sin Restart-funksjon fikser ikke krasjet deploy | I4: Driftshåndbok (DEVLOG.md) dokumenterer redeploy-prosess Lokal backup-kjøring mulig for demoer Kilde til hendelsen 20.–22. mai 2026 dokumentert | J4: Moderat | K4: Som pilot ikke driftskritisk, men gjentatt nedetid undergraver tilliten til løsningen i pilotfasen. | L4: Stor | M4: Hendelse 20.–22. mai 2026 bekreftet at SIGTERM-krasj kan ligge udetektert i 5 dager. | N4: =IF(NOT(E4=""),IFERROR(VLOOKUP(A4,Akseptkriterier!$C$33:$H$37,MATCH(B4,Akseptkriterier!$D$32:$H$32,0)+1,FALSE),""),"") | O4: Redusere | P4: Etabler uptime-overvåkning (eks. UptimeRobot) mot /api/health E-postvarsel ved 502/utfall Dokumenter prosedyre for raskt redeploy Vurder migrering til kommunens infrastruktur (Marvin/Felles IKT-plattform) ved utrulling | Q4: Lav | R4: Moderat | S4: =IFERROR(VLOOKUP(C4,Akseptkriterier!$C$33:$H$37,MATCH(D4,Akseptkriterier!$D$32:$H$32,0)+1,FALSE),"")
A5: =IFERROR(VLOOKUP('Risikoanalyse'!L5,Akseptkriterier!$D$4:$E$8,2,FALSE),0) | B5: =IFERROR(VLOOKUP('Risikoanalyse'!J5,Akseptkriterier!$F$4:$G$8,2,FALSE),0) | C5: =IFERROR(VLOOKUP('Risikoanalyse'!R5,Akseptkriterier!$D$4:$E$8,2,FALSE),0) | D5: =IFERROR(VLOOKUP('Risikoanalyse'!Q5,Akseptkriterier!$F$4:$G$8,2,FALSE),0) | E5: R4 | F5: Prompt injection via brukerinput (adressefelt, artsvalg) manipulerer KI-svar. | G5: I | H5: Brukerinput sammenstilles direkte i prompts mot Claude Ingen autentisering — tjenesten er åpen på internett Adressestrengen passerer Kartverket først, men artsnavn fra UI går direkte inn | I5: Strukturert prompt-mal i server/prompts/biodiversity.js Adresse normaliseres og hentes fra autoritativ Kartverket-API før KI ser den KI returnerer strukturert JSON som valideres | J5: Moderat | K5: Kan gi villedende eller upassende output i pilotfasen, men begrenset skadepotensial uten sensitive data. | L5: Moderat | M5: Åpen tjeneste øker eksponering, men strukturert input-form begrenser angrepsflate. | N5: =IF(NOT(E5=""),IFERROR(VLOOKUP(A5,Akseptkriterier!$C$33:$H$37,MATCH(B5,Akseptkriterier!$D$32:$H$32,0)+1,FALSE),""),"") | O5: Redusere | P5: Input-validering og sanitering i server-proxy Whitelist på tillatte artsnavn (matchet mot iNaturalist/GBIF-respons) Utgangsvalidering: avvis svar som inneholder instruksjonsbrudd Logging av mistenkelig input | Q5: Lav | R5: Liten | S5: =IFERROR(VLOOKUP(C5,Akseptkriterier!$C$33:$H$37,MATCH(D5,Akseptkriterier!$D$32:$H$32,0)+1,FALSE),"")
A6: =IFERROR(VLOOKUP('Risikoanalyse'!L6,Akseptkriterier!$D$4:$E$8,2,FALSE),0) | B6: =IFERROR(VLOOKUP('Risikoanalyse'!J6,Akseptkriterier!$F$4:$G$8,2,FALSE),0) | C6: =IFERROR(VLOOKUP('Risikoanalyse'!R6,Akseptkriterier!$D$4:$E$8,2,FALSE),0) | D6: =IFERROR(VLOOKUP('Risikoanalyse'!Q6,Akseptkriterier!$F$4:$G$8,2,FALSE),0) | E6: R5 | F6: Saksbehandler bruker KI-vurdering direkte i vedtak uten å gjennomføre fagverifisering. | G6: I | H6: Ingen formell prosess for kvalitetssikring av output Mangelfull opplæring av tiltenkte brukere UI signaliserer ikke tydelig nok at output er ufullstendig | I6: Pilot-merking i UI Ingen utrulling til faktisk saksbehandling ennå | J6: Alvorlig | K6: Feil saksbehandling etter naturmangfoldloven kan føre til klagesaker, omgjøring av vedtak og dårligere naturvern. | L6: Stor | M6: Erfaring fra andre KI-piloter viser at brukere fester tillit til KI-output uten formelle barrierer. | N6: =IF(NOT(E6=""),IFERROR(VLOOKUP(A6,Akseptkriterier!$C$33:$H$37,MATCH(B6,Akseptkriterier!$D$32:$H$32,0)+1,FALSE),""),"") | O6: Redusere | P6: Etabler obligatorisk fagverifiseringsprosess før output legges til grunn Opplæring av saksbehandlere i KI-løsningens begrensninger Utvidet disclaimer i UI og PDF-eksport Bruken begrenses til informasjonsformål inntil PBE har godkjent prosessen | Q6: Moderat | R6: Moderat | S6: =IFERROR(VLOOKUP(C6,Akseptkriterier!$C$33:$H$37,MATCH(D6,Akseptkriterier!$D$32:$H$32,0)+1,FALSE),"")
A7: =IFERROR(VLOOKUP('Risikoanalyse'!L7,Akseptkriterier!$D$4:$E$8,2,FALSE),0) | B7: =IFERROR(VLOOKUP('Risikoanalyse'!J7,Akseptkriterier!$F$4:$G$8,2,FALSE),0) | C7: =IFERROR(VLOOKUP('Risikoanalyse'!R7,Akseptkriterier!$D$4:$E$8,2,FALSE),0) | D7: =IFERROR(VLOOKUP('Risikoanalyse'!Q7,Akseptkriterier!$F$4:$G$8,2,FALSE),0) | E7: R6 | F7: Eksterne datakilder (Kartverket, iNaturalist, GBIF) er utilgjengelige eller endrer API. | G7: T | H7: Ingen kontrakt eller SLA med åpne API-leverandører Ingen caching av tidligere svar Bruddendrende API-versjonering kan inntreffe varsel | I7: Promise.allSettled-mønster i speciesAggregator gjør at delvis svar fungerer iNaturalist primær, GBIF som fallback Kartverket har historisk høy oppetid | J7: Lav | K7: Delvis tjenestebrudd — tjenesten kan vise reduserte resultater, men ikke total nedetid. | L7: Moderat | M7: Åpne API-er har sjelden langvarige utfall, men endringer skjer. | N7: =IF(NOT(E7=""),IFERROR(VLOOKUP(A7,Akseptkriterier!$C$33:$H$37,MATCH(B7,Akseptkriterier!$D$32:$H$32,0)+1,FALSE),""),"") | O7: Redusere | P7: Innfør caching av nylige adresse- og artsoppslag Degradert UI-visning med tydelig melding når kilde mangler Abonner på endringsvarsel fra Kartverket Kontraktsavklaring ved utrulling i Oslo kommune | Q7: Lav | R7: Liten | S7: =IFERROR(VLOOKUP(C7,Akseptkriterier!$C$33:$H$37,MATCH(D7,Akseptkriterier!$D$32:$H$32,0)+1,FALSE),"")
A8: =IFERROR(VLOOKUP('Risikoanalyse'!L8,Akseptkriterier!$D$4:$E$8,2,FALSE),0) | B8: =IFERROR(VLOOKUP('Risikoanalyse'!J8,Akseptkriterier!$F$4:$G$8,2,FALSE),0) | C8: =IFERROR(VLOOKUP('Risikoanalyse'!R8,Akseptkriterier!$D$4:$E$8,2,FALSE),0) | D8: =IFERROR(VLOOKUP('Risikoanalyse'!Q8,Akseptkriterier!$F$4:$G$8,2,FALSE),0) | E8: R7 | F8: Live datakilder (Artsdatabanken, NiN, Miljødirektoratet) er ufullstendige eller har feil status for konkrete arter eller områder. | G8: I | H8: Selv autoritative kilder kan ha lokal udekning eller etterslep i registrering Endringer i API-format kan stoppe oppdateringer Funksjonelle bugs i integrasjonen kan vise foreldede cache-verdier | I8: Artsdatabanken API integrert (forutsetning) NiN-kobling for naturtyper (forutsetning) Miljødirektoratet, Plankart Oslo / FKB og MGS Oslo planlagt integrert iht. opprinnelig plan Kildedato vises i UI (planlagt) | J8: Moderat | K8: Kan gi feil prioritering av arter eller naturtyper, men avgrenset effekt fordi flere kilder kryssvalideres. | L8: Liten | M8: Live oppslag mot autoritative kilder gjør utdatert informasjon vesentlig mindre sannsynlig. | N8: =IF(NOT(E8=""),IFERROR(VLOOKUP(A8,Akseptkriterier!$C$33:$H$37,MATCH(B8,Akseptkriterier!$D$32:$H$32,0)+1,FALSE),""),"") | O8: Redusere | P8: Visning av siste oppdateringsdato per kilde i UI Manuell overstyring i fagverifiseringssteget Alarm ved API-format-endringer Abonnement på endringsvarsel fra Artsdatabanken | Q8: Lav | R8: Meget liten | S8: =IFERROR(VLOOKUP(C8,Akseptkriterier!$C$33:$H$37,MATCH(D8,Akseptkriterier!$D$32:$H$32,0)+1,FALSE),"")
A9: =IFERROR(VLOOKUP('Risikoanalyse'!L9,Akseptkriterier!$D$4:$E$8,2,FALSE),0) | B9: =IFERROR(VLOOKUP('Risikoanalyse'!J9,Akseptkriterier!$F$4:$G$8,2,FALSE),0) | C9: =IFERROR(VLOOKUP('Risikoanalyse'!R9,Akseptkriterier!$D$4:$E$8,2,FALSE),0) | D9: =IFERROR(VLOOKUP('Risikoanalyse'!Q9,Akseptkriterier!$F$4:$G$8,2,FALSE),0) | E9: R8 | F9: Søkelogger (adresser, IP-adresser) lagres og oppbevares uten formell personvernvurdering, i strid med GDPR. | G9: K | H9: Ingen DPIA gjennomført Server-logging ikke formelt vurdert Adresse kan utgjøre personopplysning ved kobling til eier Ingen retningslinje for sletting | I9: Tjenesten lagrer i dag ikke søkene strukturert (kun standard Express-/Railway-driftslogger) Ingen brukerautentisering | J9: Moderat | K9: Personvernbrudd vil utløse meldeplikt til Datatilsynet og kan svekke tillit til PBE som behandlingsansvarlig. | L9: Moderat | M9: Lave volumer i pilot, men formell vurdering mangler — risiko øker ved utrulling. | N9: =IF(NOT(E9=""),IFERROR(VLOOKUP(A9,Akseptkriterier!$C$33:$H$37,MATCH(B9,Akseptkriterier!$D$32:$H$32,0)+1,FALSE),""),"") | O9: Redusere | P9: Gjennomføre DPIA før produksjonssetting Definer og dokumenter hva som logges, hvor lenge, og hvem som har tilgang Anonymisere/forkorte IP i logger Dataminimering — ikke lagre adresseinput utover sesjonen i klart format | Q9: Lav | R9: Liten | S9: =IFERROR(VLOOKUP(C9,Akseptkriterier!$C$33:$H$37,MATCH(D9,Akseptkriterier!$D$32:$H$32,0)+1,FALSE),"")
A10: =IFERROR(VLOOKUP('Risikoanalyse'!L10,Akseptkriterier!$D$4:$E$8,2,FALSE),0) | B10: =IFERROR(VLOOKUP('Risikoanalyse'!J10,Akseptkriterier!$F$4:$G$8,2,FALSE),0) | C10: =IFERROR(VLOOKUP('Risikoanalyse'!R10,Akseptkriterier!$D$4:$E$8,2,FALSE),0) | D10: =IFERROR(VLOOKUP('Risikoanalyse'!Q10,Akseptkriterier!$F$4:$G$8,2,FALSE),0) | E10: R9 | F10: Tjenesten oppfyller ikke krav til universell utforming (WCAG 2.1 AA) ved offentlig utrulling. | G10: T | H10: Ingen formell WCAG-test gjennomført UI bygget uten systematisk tilgjengelighetsfokus Ingen tilgjengelighetserklæring publisert | I10: Bygget på Oslo Punkt designsystem (følger Oslos UU-prinsipper) Semantisk HTML i React-komponenter | J10: Moderat | K10: Brudd på likestillings- og diskrimineringsloven og forskrift om universell utforming av IKT. Krav fra Tilsynet for universell utforming av IKT. | L10: Stor | M10: Uten formell audit er sannsynligheten for funn høy, særlig på kontrast, tastatur og skjermleser. | N10: =IF(NOT(E10=""),IFERROR(VLOOKUP(A10,Akseptkriterier!$C$33:$H$37,MATCH(B10,Akseptkriterier!$D$32:$H$32,0)+1,FALSE),""),"") | O10: Redusere | P10: Gjennomføre WCAG 2.1 AA-audit (intern eller ekstern) Utbedre identifiserte mangler før utrulling Publiser tilgjengelighetserklæring Legg WCAG-test i CI-pipeline | Q10: Lav | R10: Moderat | S10: =IFERROR(VLOOKUP(C10,Akseptkriterier!$C$33:$H$37,MATCH(D10,Akseptkriterier!$D$32:$H$32,0)+1,FALSE),"")
A11: =IFERROR(VLOOKUP('Risikoanalyse'!L11,Akseptkriterier!$D$4:$E$8,2,FALSE),0) | B11: =IFERROR(VLOOKUP('Risikoanalyse'!J11,Akseptkriterier!$F$4:$G$8,2,FALSE),0) | C11: =IFERROR(VLOOKUP('Risikoanalyse'!R11,Akseptkriterier!$D$4:$E$8,2,FALSE),0) | D11: =IFERROR(VLOOKUP('Risikoanalyse'!Q11,Akseptkriterier!$F$4:$G$8,2,FALSE),0) | E11: R10 | F11: Leverandørbinding til Anthropic vanskeliggjør planlagt portering til Microsoft Copilot på kommunens domene. | G11: T | H11: Prompts og response-håndtering er bygget mot Anthropic SDK Ulik tokenisering, modellatferd og responsformat mellom Anthropic og Copilot | I11: Server-proxy-arkitektur isolerer KI-kall til server/routes/claude.js Strukturert JSON-output reduserer modellsensitivitet | J11: Moderat | K11: Portering kan kreve omarbeiding av prompts, output-validering og evt. kvalitetsregresjon i AI-vurderinger. | L11: Stor | M11: Portering er planlagt og eksplisitt forutsatt — risikoen er at den krever mer arbeid enn anslått. | N11: =IF(NOT(E11=""),IFERROR(VLOOKUP(A11,Akseptkriterier!$C$33:$H$37,MATCH(B11,Akseptkriterier!$D$32:$H$32,0)+1,FALSE),""),"") | O11: Redusere | P11: Innfør abstraksjonslag for KI-klient (model-agnostic interface) i server-proxy Tidlig prototyping mot Copilot-API Gjennomfør sammenligningstest av output-kvalitet før full overgang Dokumentere prompt-versjoner og evalueringsdata | Q11: Lav | R11: Moderat | S11: =IFERROR(VLOOKUP(C11,Akseptkriterier!$C$33:$H$37,MATCH(D11,Akseptkriterier!$D$32:$H$32,0)+1,FALSE),"")
A12: =IFERROR(VLOOKUP('Risikoanalyse'!L12,Akseptkriterier!$D$4:$E$8,2,FALSE),0) | B12: =IFERROR(VLOOKUP('Risikoanalyse'!J12,Akseptkriterier!$F$4:$G$8,2,FALSE),0) | C12: =IFERROR(VLOOKUP('Risikoanalyse'!R12,Akseptkriterier!$D$4:$E$8,2,FALSE),0) | D12: =IFERROR(VLOOKUP('Risikoanalyse'!Q12,Akseptkriterier!$F$4:$G$8,2,FALSE),0) | E12: R11 | F12: Misbruk eller DDoS mot åpen tjeneste fører til oppbrukt KI-budsjett eller nedetid. | G12: T | H12: Ingen autentisering eller rate limiting Ingen captcha eller WAF Anthropic-budsjett kan tømmes raskt ved automatisert misbruk | I12: Pilotbudsjett hos Anthropic begrenset Railway har grunnleggende DDoS-beskyttelse på edge | J12: Lav | K12: I pilotfasen er forbruket lavt (< 0,15 USD/sesjon) og angrep antas usannsynlig på en ukjent prototype. | L12: Liten | M12: Ingen kjent eksponering av tjenesten utover kontrollerte demoer. | N12: =IF(NOT(E12=""),IFERROR(VLOOKUP(A12,Akseptkriterier!$C$33:$H$37,MATCH(B12,Akseptkriterier!$D$32:$H$32,0)+1,FALSE),""),"") | O12: Akseptere | P12: Innfør rate limiting per IP i Express-proxy før utrulling Usage cap-alarm hos Anthropic Vurder Cloudflare Turnstile eller tilsvarende ved utrulling | Q12: Lav | R12: Meget liten | S12: =IFERROR(VLOOKUP(C12,Akseptkriterier!$C$33:$H$37,MATCH(D12,Akseptkriterier!$D$32:$H$32,0)+1,FALSE),"")
A13: =IFERROR(VLOOKUP('Risikoanalyse'!L13,Akseptkriterier!$D$4:$E$8,2,FALSE),0) | B13: =IFERROR(VLOOKUP('Risikoanalyse'!J13,Akseptkriterier!$F$4:$G$8,2,FALSE),0) | C13: =IFERROR(VLOOKUP('Risikoanalyse'!R13,Akseptkriterier!$D$4:$E$8,2,FALSE),0) | D13: =IFERROR(VLOOKUP('Risikoanalyse'!Q13,Akseptkriterier!$F$4:$G$8,2,FALSE),0) | E13: R12 | F13: Manglende dokumentert FRIA og DPIA er i strid med kommende KI-forordning og kommunens KI-prosess. | G13: I | H13: Ingen FRIA (Fundamental Rights Impact Assessment) gjennomført Ingen DPIA gjennomført Uavklart om Naturportrett kommer inn under høyrisiko-kategori i KI-forordningen | I13: Denne risikovurderingen (pilot) Dokumentasjon av databehandling i CLAUDE.md og DEVLOG.md | J13: Moderat | K13: Manglende etterlevelse av kommende KI-forordning og Oslo kommunes prosess for KI-løsninger kan stoppe utrulling og gi tilsynsrisiko. | L13: Stor | M13: Vurderinger er ikke startet og er en forutsetning for utrulling i kommunens domene. | N13: =IF(NOT(E13=""),IFERROR(VLOOKUP(A13,Akseptkriterier!$C$33:$H$37,MATCH(B13,Akseptkriterier!$D$32:$H$32,0)+1,FALSE),""),"") | O13: Redusere | P13: Gjennomføre FRIA (følger Digitaliseringsetatens mal når tilgjengelig) Gjennomføre DPIA i samråd med personvernombud Klassifisere løsningen iht. KI-forordning Følge Oslo kommunes prosess for etterlevelse for KI-løsninger | Q13: Lav | R13: Moderat | S13: =IFERROR(VLOOKUP(C13,Akseptkriterier!$C$33:$H$37,MATCH(D13,Akseptkriterier!$D$32:$H$32,0)+1,FALSE),"")
A14: =IFERROR(VLOOKUP('Risikoanalyse'!L14,Akseptkriterier!$D$4:$E$8,2,FALSE),0) | B14: =IFERROR(VLOOKUP('Risikoanalyse'!J14,Akseptkriterier!$F$4:$G$8,2,FALSE),0) | C14: =IFERROR(VLOOKUP('Risikoanalyse'!R14,Akseptkriterier!$D$4:$E$8,2,FALSE),0) | D14: =IFERROR(VLOOKUP('Risikoanalyse'!Q14,Akseptkriterier!$F$4:$G$8,2,FALSE),0) | E14: R13 | F14: RAG-indeksen leverer utdaterte, irrelevante eller mangelfulle kilder til KI, slik at det kontekstuelle grunnlaget for vurderingen blir feil. | G14: I | H14: Manglende rutiner for re-indeksering når kunnskapsbasen oppdateres Embedding-modellen kan misforstå norsk fagterminologi Henting av kun topp-N biter kan utelate viktig kontekst Kunnskapsbase-dokumentene kan i seg selv være utdaterte eller feil | I14: Initiell kunnskapsbase består av et avgrenset sett kvalitetssikrede dokumenter fra Oslo kommune Strukturert RAG-arkitektur planlagt (kunnskapsbase → indeksering → semantisk søk → KI → kildebelagt portrett) | J14: Moderat | K14: Feil kontekst leder til feil syntese; fanges delvis opp av kildehenvisning og fagverifisering. | L14: Moderat | M14: Kjent problemområde ved RAG-implementasjon, særlig på norsk fagterminologi og ved første indeks-iterasjon. | N14: =IF(NOT(E14=""),IFERROR(VLOOKUP(A14,Akseptkriterier!$C$33:$H$37,MATCH(B14,Akseptkriterier!$D$32:$H$32,0)+1,FALSE),""),"") | O14: Redusere | P14: Etabler rutine for re-indeksering ved oppdatering av kunnskapsbasen Definer og kjør faste retrieval-evalueringer (gullspørsmål) Vis kilder og scoring i UI for fagverifisering Periodisk gjennomgang av RAG-kvalitet kvartalsvis Vurder hybrid søk (semantisk + nøkkelord) ved presisjonsproblemer | Q14: Lav | R14: Liten | S14: =IFERROR(VLOOKUP(C14,Akseptkriterier!$C$33:$H$37,MATCH(D14,Akseptkriterier!$D$32:$H$32,0)+1,FALSE),"")
A15: =IFERROR(VLOOKUP('Risikoanalyse'!L15,Akseptkriterier!$D$4:$E$8,2,FALSE),0) | B15: =IFERROR(VLOOKUP('Risikoanalyse'!J15,Akseptkriterier!$F$4:$G$8,2,FALSE),0) | C15: =IFERROR(VLOOKUP('Risikoanalyse'!R15,Akseptkriterier!$D$4:$E$8,2,FALSE),0) | D15: =IFERROR(VLOOKUP('Risikoanalyse'!Q15,Akseptkriterier!$F$4:$G$8,2,FALSE),0) | N15: =IF(NOT(E15=""),IFERROR(VLOOKUP(A15,Akseptkriterier!$C$33:$H$37,MATCH(B15,Akseptkriterier!$D$32:$H$32,0)+1,FALSE),""),"") | S15: =IFERROR(VLOOKUP(C15,Akseptkriterier!$C$33:$H$37,MATCH(D15,Akseptkriterier!$D$32:$H$32,0)+1,FALSE),"")
A16: =IFERROR(VLOOKUP('Risikoanalyse'!L16,Akseptkriterier!$D$4:$E$8,2,FALSE),0) | B16: =IFERROR(VLOOKUP('Risikoanalyse'!J16,Akseptkriterier!$F$4:$G$8,2,FALSE),0) | C16: =IFERROR(VLOOKUP('Risikoanalyse'!R16,Akseptkriterier!$D$4:$E$8,2,FALSE),0) | D16: =IFERROR(VLOOKUP('Risikoanalyse'!Q16,Akseptkriterier!$F$4:$G$8,2,FALSE),0) | N16: =IF(NOT(E16=""),IFERROR(VLOOKUP(A16,Akseptkriterier!$C$33:$H$37,MATCH(B16,Akseptkriterier!$D$32:$H$32,0)+1,FALSE),""),"") | S16: =IFERROR(VLOOKUP(C16,Akseptkriterier!$C$33:$H$37,MATCH(D16,Akseptkriterier!$D$32:$H$32,0)+1,FALSE),"")
A17: =IFERROR(VLOOKUP('Risikoanalyse'!L17,Akseptkriterier!$D$4:$E$8,2,FALSE),0) | B17: =IFERROR(VLOOKUP('Risikoanalyse'!J17,Akseptkriterier!$F$4:$G$8,2,FALSE),0) | C17: =IFERROR(VLOOKUP('Risikoanalyse'!R17,Akseptkriterier!$D$4:$E$8,2,FALSE),0) | D17: =IFERROR(VLOOKUP('Risikoanalyse'!Q17,Akseptkriterier!$F$4:$G$8,2,FALSE),0) | N17: =IF(NOT(E17=""),IFERROR(VLOOKUP(A17,Akseptkriterier!$C$33:$H$37,MATCH(B17,Akseptkriterier!$D$32:$H$32,0)+1,FALSE),""),"") | S17: =IFERROR(VLOOKUP(C17,Akseptkriterier!$C$33:$H$37,MATCH(D17,Akseptkriterier!$D$32:$H$32,0)+1,FALSE),"")
A18: =IFERROR(VLOOKUP('Risikoanalyse'!L18,Akseptkriterier!$D$4:$E$8,2,FALSE),0) | B18: =IFERROR(VLOOKUP('Risikoanalyse'!J18,Akseptkriterier!$F$4:$G$8,2,FALSE),0) | C18: =IFERROR(VLOOKUP('Risikoanalyse'!R18,Akseptkriterier!$D$4:$E$8,2,FALSE),0) | D18: =IFERROR(VLOOKUP('Risikoanalyse'!Q18,Akseptkriterier!$F$4:$G$8,2,FALSE),0) | N18: =IF(NOT(E18=""),IFERROR(VLOOKUP(A18,Akseptkriterier!$C$33:$H$37,MATCH(B18,Akseptkriterier!$D$32:$H$32,0)+1,FALSE),""),"") | S18: =IFERROR(VLOOKUP(C18,Akseptkriterier!$C$33:$H$37,MATCH(D18,Akseptkriterier!$D$32:$H$32,0)+1,FALSE),"")
A19: =IFERROR(VLOOKUP('Risikoanalyse'!L19,Akseptkriterier!$D$4:$E$8,2,FALSE),0) | B19: =IFERROR(VLOOKUP('Risikoanalyse'!J19,Akseptkriterier!$F$4:$G$8,2,FALSE),0) | C19: =IFERROR(VLOOKUP('Risikoanalyse'!R19,Akseptkriterier!$D$4:$E$8,2,FALSE),0) | D19: =IFERROR(VLOOKUP('Risikoanalyse'!Q19,Akseptkriterier!$F$4:$G$8,2,FALSE),0) | N19: =IF(NOT(E19=""),IFERROR(VLOOKUP(A19,Akseptkriterier!$C$33:$H$37,MATCH(B19,Akseptkriterier!$D$32:$H$32,0)+1,FALSE),""),"") | S19: =IFERROR(VLOOKUP(C19,Akseptkriterier!$C$33:$H$37,MATCH(D19,Akseptkriterier!$D$32:$H$32,0)+1,FALSE),"")
A20: =IFERROR(VLOOKUP('Risikoanalyse'!L20,Akseptkriterier!$D$4:$E$8,2,FALSE),0) | B20: =IFERROR(VLOOKUP('Risikoanalyse'!J20,Akseptkriterier!$F$4:$G$8,2,FALSE),0) | C20: =IFERROR(VLOOKUP('Risikoanalyse'!R20,Akseptkriterier!$D$4:$E$8,2,FALSE),0) | D20: =IFERROR(VLOOKUP('Risikoanalyse'!Q20,Akseptkriterier!$F$4:$G$8,2,FALSE),0) | N20: =IF(NOT(E20=""),IFERROR(VLOOKUP(A20,Akseptkriterier!$C$33:$H$37,MATCH(B20,Akseptkriterier!$D$32:$H$32,0)+1,FALSE),""),"") | S20: =IFERROR(VLOOKUP(C20,Akseptkriterier!$C$33:$H$37,MATCH(D20,Akseptkriterier!$D$32:$H$32,0)+1,FALSE),"")
A21: =IFERROR(VLOOKUP('Risikoanalyse'!L21,Akseptkriterier!$D$4:$E$8,2,FALSE),0) | B21: =IFERROR(VLOOKUP('Risikoanalyse'!J21,Akseptkriterier!$F$4:$G$8,2,FALSE),0) | C21: =IFERROR(VLOOKUP('Risikoanalyse'!R21,Akseptkriterier!$D$4:$E$8,2,FALSE),0) | D21: =IFERROR(VLOOKUP('Risikoanalyse'!Q21,Akseptkriterier!$F$4:$G$8,2,FALSE),0) | N21: =IF(NOT(E21=""),IFERROR(VLOOKUP(A21,Akseptkriterier!$C$33:$H$37,MATCH(B21,Akseptkriterier!$D$32:$H$32,0)+1,FALSE),""),"") | S21: =IFERROR(VLOOKUP(C21,Akseptkriterier!$C$33:$H$37,MATCH(D21,Akseptkriterier!$D$32:$H$32,0)+1,FALSE),"")
A22: =IFERROR(VLOOKUP('Risikoanalyse'!L22,Akseptkriterier!$D$4:$E$8,2,FALSE),0) | B22: =IFERROR(VLOOKUP('Risikoanalyse'!J22,Akseptkriterier!$F$4:$G$8,2,FALSE),0) | C22: =IFERROR(VLOOKUP('Risikoanalyse'!R22,Akseptkriterier!$D$4:$E$8,2,FALSE),0) | D22: =IFERROR(VLOOKUP('Risikoanalyse'!Q22,Akseptkriterier!$F$4:$G$8,2,FALSE),0) | N22: =IF(NOT(E22=""),IFERROR(VLOOKUP(A22,Akseptkriterier!$C$33:$H$37,MATCH(B22,Akseptkriterier!$D$32:$H$32,0)+1,FALSE),""),"") | S22: =IFERROR(VLOOKUP(C22,Akseptkriterier!$C$33:$H$37,MATCH(D22,Akseptkriterier!$D$32:$H$32,0)+1,FALSE),"")
A23: =IFERROR(VLOOKUP('Risikoanalyse'!L23,Akseptkriterier!$D$4:$E$8,2,FALSE),0) | B23: =IFERROR(VLOOKUP('Risikoanalyse'!J23,Akseptkriterier!$F$4:$G$8,2,FALSE),0) | C23: =IFERROR(VLOOKUP('Risikoanalyse'!R23,Akseptkriterier!$D$4:$E$8,2,FALSE),0) | D23: =IFERROR(VLOOKUP('Risikoanalyse'!Q23,Akseptkriterier!$F$4:$G$8,2,FALSE),0) | N23: =IF(NOT(E23=""),IFERROR(VLOOKUP(A23,Akseptkriterier!$C$33:$H$37,MATCH(B23,Akseptkriterier!$D$32:$H$32,0)+1,FALSE),""),"") | S23: =IFERROR(VLOOKUP(C23,Akseptkriterier!$C$33:$H$37,MATCH(D23,Akseptkriterier!$D$32:$H$32,0)+1,FALSE),"")
A24: =IFERROR(VLOOKUP('Risikoanalyse'!L24,Akseptkriterier!$D$4:$E$8,2,FALSE),0) | B24: =IFERROR(VLOOKUP('Risikoanalyse'!J24,Akseptkriterier!$F$4:$G$8,2,FALSE),0) | C24: =IFERROR(VLOOKUP('Risikoanalyse'!R24,Akseptkriterier!$D$4:$E$8,2,FALSE),0) | D24: =IFERROR(VLOOKUP('Risikoanalyse'!Q24,Akseptkriterier!$F$4:$G$8,2,FALSE),0) | N24: =IF(NOT(E24=""),IFERROR(VLOOKUP(A24,Akseptkriterier!$C$33:$H$37,MATCH(B24,Akseptkriterier!$D$32:$H$32,0)+1,FALSE),""),"") | S24: =IFERROR(VLOOKUP(C24,Akseptkriterier!$C$33:$H$37,MATCH(D24,Akseptkriterier!$D$32:$H$32,0)+1,FALSE),"")
A25: =IFERROR(VLOOKUP('Risikoanalyse'!L25,Akseptkriterier!$D$4:$E$8,2,FALSE),0) | B25: =IFERROR(VLOOKUP('Risikoanalyse'!J25,Akseptkriterier!$F$4:$G$8,2,FALSE),0) | C25: =IFERROR(VLOOKUP('Risikoanalyse'!R25,Akseptkriterier!$D$4:$E$8,2,FALSE),0) | D25: =IFERROR(VLOOKUP('Risikoanalyse'!Q25,Akseptkriterier!$F$4:$G$8,2,FALSE),0) | N25: =IF(NOT(E25=""),IFERROR(VLOOKUP(A25,Akseptkriterier!$C$33:$H$37,MATCH(B25,Akseptkriterier!$D$32:$H$32,0)+1,FALSE),""),"") | S25: =IFERROR(VLOOKUP(C25,Akseptkriterier!$C$33:$H$37,MATCH(D25,Akseptkriterier!$D$32:$H$32,0)+1,FALSE),"")
A26: =IFERROR(VLOOKUP('Risikoanalyse'!L26,Akseptkriterier!$D$4:$E$8,2,FALSE),0) | B26: =IFERROR(VLOOKUP('Risikoanalyse'!J26,Akseptkriterier!$F$4:$G$8,2,FALSE),0) | C26: =IFERROR(VLOOKUP('Risikoanalyse'!R26,Akseptkriterier!$D$4:$E$8,2,FALSE),0) | D26: =IFERROR(VLOOKUP('Risikoanalyse'!Q26,Akseptkriterier!$F$4:$G$8,2,FALSE),0) | N26: =IF(NOT(E26=""),IFERROR(VLOOKUP(A26,Akseptkriterier!$C$33:$H$37,MATCH(B26,Akseptkriterier!$D$32:$H$32,0)+1,FALSE),""),"") | S26: =IFERROR(VLOOKUP(C26,Akseptkriterier!$C$33:$H$37,MATCH(D26,Akseptkriterier!$D$32:$H$32,0)+1,FALSE),"")
... A201: =IFERROR(VLOOKUP('Risikoanalyse'!L201,Akseptkriterier!$D$4:$E$8,2,FALSE),0) | B201: =IFERROR(VLOOKUP('Risikoanalyse'!J201,Akseptkriterier!$F$4:$G$8,2,FALSE),0) | C201: =IFERROR(VLOOKUP('Risikoanalyse'!R201,Akseptkriterier!$D$4:$E$8,2,FALSE),0) | D201: =IFERROR(VLOOKUP('Risikoanalyse'!Q201,Akseptkriterier!$F$4:$G$8,2,FALSE),0) | N201: =IF(NOT(E201=""),IFERROR(VLOOKUP(A201,Akseptkriterier!$C$33:$H$37,MATCH(B201,Akseptkriterier!$D$32:$H$32,0)+1,FALSE),""),"") | S201: =IFERROR(VLOOKUP(C201,Akseptkriterier!$C$33:$H$37,MATCH(D201,Akseptkriterier!$D$32:$H$32,0)+1,FALSE),"")

Sheet Tiltak
A1: Tiltak-ID | B1: Tiltak | C1: Risikoscenario | D1: Ansvarlig | E1: Frist | F1: Status
A2: 1 | B2: Definer obligatorisk fagverifiseringsprosess før KI-output brukes i saksbehandling | C2: R1, R5 | D2: PBE seksjonsleder | E2: 30.06.2026 | F2: Ikke startet
A3: 2 | B3: Definer retrieval-evaluering med gullspørsmål og etabler rutine for re-indeksering av kunnskapsbasen | C3: R1, R13 | D3: Andreas Fadum / PBE fagansvarlig | E3: 31.07.2026 | F3: Ikke startet
A4: 3 | B4: Vis kilder og scoring fra RAG i UI for fagverifisering | C4: R1, R13 | D4: Andreas Fadum | E4: 31.07.2026 | F4: Ikke startet
A5: 4 | B5: Gjennomføre DPIA før produksjonssetting | C5: R8, R12 | D5: PBE personvernombud | E5: 30.06.2026 | F5: Ikke startet
A6: 5 | B6: Gjennomføre FRIA iht. kommende KI-forordning (mal fra Digitaliseringsetaten) | C6: R12 | D6: PBE i samråd med Byrådsavdeling for finans | E6: 31.08.2026 | F6: Ikke startet
A7: 6 | B7: Innfør rate limiting og input-sanitering i Express-proxy | C7: R4, R11 | D7: Andreas Fadum | E7: 30.06.2026 | F7: Ikke startet
A8: 7 | B8: Etabler uptime-overvåkning og e-postalarm mot /api/health | C8: R3 | D8: Andreas Fadum | E8: 10.06.2026 | F8: Ikke startet
A9: 8 | B9: Sett usage cap og forbruksalarm hos Anthropic | C9: R2, R11 | D9: Andreas Fadum | E9: 10.06.2026 | F9: Ikke startet
A10: 9 | B10: WCAG 2.1 AA-audit og publisering av tilgjengelighetserklæring | C10: R9 | D10: PBE kommunikasjon | E10: 31.08.2026 | F10: Ikke startet
A11: 10 | B11: Abstrahere KI-klient til model-agnostic interface og prototype mot Copilot | C11: R10 | D11: Andreas Fadum | E11: 30.09.2026 | F11: Ikke startet
A12: 11 | B12: Caching av eksterne API-svar (Kartverket, iNaturalist, GBIF, Artsdatabanken, NiN, Miljødirektoratet, Plankart Oslo, MGS Oslo) og degradert visning ved kildebortfall | C12: R6, R7 | D12: Andreas Fadum | E12: 31.07.2026 | F12: Ikke startet
A13: 12 | B13: Rutine for kvartalsvis nøkkelrotering (Anthropic / etterfølgende leverandør) | C13: R2 | D13: PBE drift | E13: Løpende fra 30.06.2026 | F13: Ikke startet
... A16: 15 | B16: Alarm ved bruddendrende API-format-endringer fra eksterne kilder | C16: R6, R7 | D16: Andreas Fadum | E16: 31.08.2026 | F16: Ikke startet

Sheet Risikoanalyse_data
A1: Id | B1: Nr | C1: Sanns_verdi | D1: Kons_Verdi | E1: Risiko_Verdi | F1: Sanns_etter_verdi | G1: Kons_etter_verdi | H1: Gj_risiko_verdi
A2: =IF(B2="","","R"&B2) | B2: =IF('Risikoanalyse'!#REF!="","",'Risikoanalyse'!#REF!) | C2: ='Risikoanalyse'!#REF! | D2: ='Risikoanalyse'!#REF! | E2: ='Risikoanalyse'!#REF! | F2: ='Risikoanalyse'!#REF! | G2: ='Risikoanalyse'!#REF! | H2: ='Risikoanalyse'!#REF!
A3: =IF(B3="","","R"&B3) | B3: =IF('Risikoanalyse'!#REF!="","",'Risikoanalyse'!#REF!) | C3: ='Risikoanalyse'!#REF! | D3: ='Risikoanalyse'!#REF! | E3: ='Risikoanalyse'!#REF! | F3: ='Risikoanalyse'!#REF! | G3: ='Risikoanalyse'!#REF! | H3: ='Risikoanalyse'!#REF!
A4: =IF(B4="","","R"&B4) | B4: =IF('Risikoanalyse'!#REF!="","",'Risikoanalyse'!#REF!) | C4: ='Risikoanalyse'!#REF! | D4: ='Risikoanalyse'!#REF! | E4: ='Risikoanalyse'!#REF! | F4: ='Risikoanalyse'!#REF! | G4: ='Risikoanalyse'!#REF! | H4: ='Risikoanalyse'!#REF!
A5: =IF(B5="","","R"&B5) | B5: =IF('Risikoanalyse'!#REF!="","",'Risikoanalyse'!#REF!) | C5: ='Risikoanalyse'!#REF! | D5: ='Risikoanalyse'!#REF! | E5: ='Risikoanalyse'!#REF! | F5: ='Risikoanalyse'!#REF! | G5: ='Risikoanalyse'!#REF! | H5: ='Risikoanalyse'!#REF!
A6: =IF(B6="","","R"&B6) | B6: =IF('Risikoanalyse'!#REF!="","",'Risikoanalyse'!#REF!) | C6: ='Risikoanalyse'!#REF! | D6: ='Risikoanalyse'!#REF! | E6: ='Risikoanalyse'!#REF! | F6: ='Risikoanalyse'!#REF! | G6: ='Risikoanalyse'!#REF! | H6: ='Risikoanalyse'!#REF!
A7: =IF(B7="","","R"&B7) | B7: =IF('Risikoanalyse'!#REF!="","",'Risikoanalyse'!#REF!) | C7: ='Risikoanalyse'!#REF! | D7: ='Risikoanalyse'!#REF! | E7: ='Risikoanalyse'!#REF! | F7: ='Risikoanalyse'!#REF! | G7: ='Risikoanalyse'!#REF! | H7: ='Risikoanalyse'!#REF!
A8: =IF(B8="","","R"&B8) | B8: =IF('Risikoanalyse'!#REF!="","",'Risikoanalyse'!#REF!) | C8: ='Risikoanalyse'!#REF! | D8: ='Risikoanalyse'!#REF! | E8: ='Risikoanalyse'!#REF! | F8: ='Risikoanalyse'!#REF! | G8: ='Risikoanalyse'!#REF! | H8: ='Risikoanalyse'!#REF!
A9: =IF(B9="","","R"&B9) | B9: =IF('Risikoanalyse'!#REF!="","",'Risikoanalyse'!#REF!) | C9: ='Risikoanalyse'!#REF! | D9: ='Risikoanalyse'!#REF! | E9: ='Risikoanalyse'!#REF! | F9: ='Risikoanalyse'!#REF! | G9: ='Risikoanalyse'!#REF! | H9: ='Risikoanalyse'!#REF!
A10: =IF(B10="","","R"&B10) | B10: =IF('Risikoanalyse'!#REF!="","",'Risikoanalyse'!#REF!) | C10: ='Risikoanalyse'!#REF! | D10: ='Risikoanalyse'!#REF! | E10: ='Risikoanalyse'!#REF! | F10: ='Risikoanalyse'!#REF! | G10: ='Risikoanalyse'!#REF! | H10: ='Risikoanalyse'!#REF!
A11: =IF(B11="","","R"&B11) | B11: =IF('Risikoanalyse'!#REF!="","",'Risikoanalyse'!#REF!) | C11: ='Risikoanalyse'!#REF! | D11: ='Risikoanalyse'!#REF! | E11: ='Risikoanalyse'!#REF! | F11: ='Risikoanalyse'!#REF! | G11: ='Risikoanalyse'!#REF! | H11: ='Risikoanalyse'!#REF!
A12: =IF(B12="","","R"&B12) | B12: =IF('Risikoanalyse'!#REF!="","",'Risikoanalyse'!#REF!) | C12: ='Risikoanalyse'!#REF! | D12: ='Risikoanalyse'!#REF! | E12: ='Risikoanalyse'!#REF! | F12: ='Risikoanalyse'!#REF! | G12: ='Risikoanalyse'!#REF! | H12: ='Risikoanalyse'!#REF!
A13: =IF(B13="","","R"&B13) | B13: =IF('Risikoanalyse'!#REF!="","",'Risikoanalyse'!#REF!) | C13: ='Risikoanalyse'!#REF! | D13: ='Risikoanalyse'!#REF! | E13: ='Risikoanalyse'!#REF! | F13: ='Risikoanalyse'!#REF! | G13: ='Risikoanalyse'!#REF! | H13: ='Risikoanalyse'!#REF!
... A34: =IF(B34="","","R"&B34) | B34: =IF('Risikoanalyse'!#REF!="","",'Risikoanalyse'!#REF!) | C34: ='Risikoanalyse'!#REF! | D34: ='Risikoanalyse'!#REF! | E34: ='Risikoanalyse'!#REF! | F34: ='Risikoanalyse'!#REF! | G34: ='Risikoanalyse'!#REF! | H34: ='Risikoanalyse'!#REF!
A35: =IF(B35="","","R"&B35) | B35: =IF('Risikoanalyse'!E2="","",'Risikoanalyse'!E2) | C35: ='Risikoanalyse'!A2 | D35: ='Risikoanalyse'!B2 | E35: ='Risikoanalyse'!#REF! | F35: ='Risikoanalyse'!C2 | G35: ='Risikoanalyse'!D2 | H35: ='Risikoanalyse'!#REF!
A36: =IF(B36="","","R"&B36) | B36: =IF('Risikoanalyse'!E3="","",'Risikoanalyse'!E3) | C36: ='Risikoanalyse'!A3 | D36: ='Risikoanalyse'!B3 | E36: ='Risikoanalyse'!#REF! | F36: ='Risikoanalyse'!C3 | G36: ='Risikoanalyse'!D3 | H36: ='Risikoanalyse'!#REF!
A37: =IF(B37="","","R"&B37) | B37: =IF('Risikoanalyse'!E5="","",'Risikoanalyse'!E5) | C37: ='Risikoanalyse'!A5 | D37: ='Risikoanalyse'!B5 | E37: ='Risikoanalyse'!#REF! | F37: ='Risikoanalyse'!C5 | G37: ='Risikoanalyse'!D5 | H37: ='Risikoanalyse'!#REF!
A38: =IF(B38="","","R"&B38) | B38: =IF('Risikoanalyse'!E4="","",'Risikoanalyse'!E4) | C38: ='Risikoanalyse'!A4 | D38: ='Risikoanalyse'!B4 | E38: ='Risikoanalyse'!#REF! | F38: ='Risikoanalyse'!C4 | G38: ='Risikoanalyse'!D4 | H38: ='Risikoanalyse'!#REF!
A39: =IF(B39="","","R"&B39) | B39: =IF('Risikoanalyse'!E6="","",'Risikoanalyse'!E6) | C39: ='Risikoanalyse'!A6 | D39: ='Risikoanalyse'!B6 | E39: ='Risikoanalyse'!#REF! | F39: ='Risikoanalyse'!C6 | G39: ='Risikoanalyse'!D6 | H39: ='Risikoanalyse'!#REF!
A40: =IF(B40="","","R"&B40) | B40: =IF('Risikoanalyse'!E7="","",'Risikoanalyse'!E7) | C40: ='Risikoanalyse'!A7 | D40: ='Risikoanalyse'!B7 | E40: ='Risikoanalyse'!#REF! | F40: ='Risikoanalyse'!C7 | G40: ='Risikoanalyse'!D7 | H40: ='Risikoanalyse'!#REF!
A41: =IF(B41="","","R"&B41) | B41: =IF('Risikoanalyse'!E8="","",'Risikoanalyse'!E8) | C41: ='Risikoanalyse'!A8 | D41: ='Risikoanalyse'!B8 | E41: ='Risikoanalyse'!#REF! | F41: ='Risikoanalyse'!C8 | G41: ='Risikoanalyse'!D8 | H41: ='Risikoanalyse'!#REF!
A42: =IF(B42="","","R"&B42) | B42: =IF('Risikoanalyse'!E9="","",'Risikoanalyse'!E9) | C42: ='Risikoanalyse'!A9 | D42: ='Risikoanalyse'!B9 | E42: ='Risikoanalyse'!#REF! | F42: ='Risikoanalyse'!C9 | G42: ='Risikoanalyse'!D9 | H42: ='Risikoanalyse'!#REF!
A43: =IF(B43="","","R"&B43) | B43: =IF('Risikoanalyse'!E10="","",'Risikoanalyse'!E10) | C43: ='Risikoanalyse'!A10 | D43: ='Risikoanalyse'!B10 | E43: ='Risikoanalyse'!#REF! | F43: ='Risikoanalyse'!C10 | G43: ='Risikoanalyse'!D10 | H43: ='Risikoanalyse'!#REF!
A44: =IF(B44="","","R"&B44) | B44: =IF('Risikoanalyse'!E11="","",'Risikoanalyse'!E11) | C44: ='Risikoanalyse'!A11 | D44: ='Risikoanalyse'!B11 | E44: ='Risikoanalyse'!#REF! | F44: ='Risikoanalyse'!C11 | G44: ='Risikoanalyse'!D11 | H44: ='Risikoanalyse'!#REF!
A45: =IF(B45="","","R"&B45) | B45: =IF('Risikoanalyse'!E12="","",'Risikoanalyse'!E12) | C45: ='Risikoanalyse'!A12 | D45: ='Risikoanalyse'!B12 | E45: ='Risikoanalyse'!#REF! | F45: ='Risikoanalyse'!C12 | G45: ='Risikoanalyse'!D12 | H45: ='Risikoanalyse'!#REF!
A46: =IF(B46="","","R"&B46) | B46: =IF('Risikoanalyse'!E13="","",'Risikoanalyse'!E13) | C46: ='Risikoanalyse'!A13 | D46: ='Risikoanalyse'!B13 | E46: ='Risikoanalyse'!#REF! | F46: ='Risikoanalyse'!C13 | G46: ='Risikoanalyse'!D13 | H46: ='Risikoanalyse'!#REF!
A47: =IF(B47="","","R"&B47) | B47: =IF('Risikoanalyse'!E14="","",'Risikoanalyse'!E14) | C47: ='Risikoanalyse'!A14 | D47: ='Risikoanalyse'!B14 | E47: ='Risikoanalyse'!#REF! | F47: ='Risikoanalyse'!C14 | G47: ='Risikoanalyse'!D14 | H47: ='Risikoanalyse'!#REF!
A48: =IF(B48="","","R"&B48) | B48: =IF('Risikoanalyse'!E15="","",'Risikoanalyse'!E15) | C48: ='Risikoanalyse'!A15 | D48: ='Risikoanalyse'!B15 | E48: ='Risikoanalyse'!#REF! | F48: ='Risikoanalyse'!C15 | G48: ='Risikoanalyse'!D15 | H48: ='Risikoanalyse'!#REF!
A49: =IF(B49="","","R"&B49) | B49: =IF('Risikoanalyse'!E16="","",'Risikoanalyse'!E16) | C49: ='Risikoanalyse'!A16 | D49: ='Risikoanalyse'!B16 | E49: ='Risikoanalyse'!#REF! | F49: ='Risikoanalyse'!C16 | G49: ='Risikoanalyse'!D16 | H49: ='Risikoanalyse'!#REF!
A50: =IF(B50="","","R"&B50) | B50: =IF('Risikoanalyse'!E17="","",'Risikoanalyse'!E17) | C50: ='Risikoanalyse'!A17 | D50: ='Risikoanalyse'!B17 | E50: ='Risikoanalyse'!#REF! | F50: ='Risikoanalyse'!C17 | G50: ='Risikoanalyse'!D17 | H50: ='Risikoanalyse'!#REF!

Sheet Risikomatriser
E2: Nåværende risiko
E3: 1 | F3: 2 | G3: 3 | H3: 4 | I3: 5
B4: SANNSYNLIGHET | C4: Svært Stor | D4: 5 | E4: {=_xlfn.TEXTJOIN(", ",TRUE,IF('Risikoanalyse'!A2:A201=5,IF('Risikoanalyse'!B2:B201=1,'Risikoanalyse'!E2:E201,""),""))} | F4: {=_xlfn.TEXTJOIN(", ",TRUE,IF('Risikoanalyse'!A2:A201=5,IF('Risikoanalyse'!B2:B201=2,'Risikoanalyse'!E2:E201,""),""))} | G4: {=_xlfn.TEXTJOIN(", ",TRUE,IF('Risikoanalyse'!A2:A201=5,IF('Risikoanalyse'!B2:B201=3,'Risikoanalyse'!E2:E201,""),""))} | H4: {=_xlfn.TEXTJOIN(", ",TRUE,IF('Risikoanalyse'!A2:A201=5,IF('Risikoanalyse'!B2:B201=4,'Risikoanalyse'!E2:E201,""),""))} | I4: {=_xlfn.TEXTJOIN(", ",TRUE,IF('Risikoanalyse'!A2:A201=5,IF('Risikoanalyse'!B2:B201=5,'Risikoanalyse'!E2:E201,""),""))}
C5: Stor | D5: 4 | E5: {=_xlfn.TEXTJOIN(", ",TRUE,IF('Risikoanalyse'!A2:A201=4,IF('Risikoanalyse'!B2:B201=1,'Risikoanalyse'!E2:E201,""),""))} | F5: {=_xlfn.TEXTJOIN(", ",TRUE,IF('Risikoanalyse'!A2:A201=4,IF('Risikoanalyse'!B2:B201=2,'Risikoanalyse'!E2:E201,""),""))} | G5: {=_xlfn.TEXTJOIN(", ",TRUE,IF('Risikoanalyse'!A2:A201=4,IF('Risikoanalyse'!B2:B201=3,'Risikoanalyse'!E2:E201,""),""))} | H5: {=_xlfn.TEXTJOIN(", ",TRUE,IF('Risikoanalyse'!A2:A201=4,IF('Risikoanalyse'!B2:B201=4,'Risikoanalyse'!E2:E201,""),""))} | I5: {=_xlfn.TEXTJOIN(", ",TRUE,IF('Risikoanalyse'!A2:A201=4,IF('Risikoanalyse'!B2:B201=5,'Risikoanalyse'!E2:E201,""),""))}
C6: Moderat | D6: 3 | E6: {=_xlfn.TEXTJOIN(", ",TRUE,IF('Risikoanalyse'!A2:A201=3,IF('Risikoanalyse'!B2:B201=1,'Risikoanalyse'!E2:E201,""),""))} | F6: {=_xlfn.TEXTJOIN(", ",TRUE,IF('Risikoanalyse'!A2:A201=3,IF('Risikoanalyse'!B2:B201=2,'Risikoanalyse'!E2:E201,""),""))} | G6: {=_xlfn.TEXTJOIN(", ",TRUE,IF('Risikoanalyse'!A2:A201=3,IF('Risikoanalyse'!B2:B201=3,'Risikoanalyse'!E2:E201,""),""))} | H6: {=_xlfn.TEXTJOIN(", ",TRUE,IF('Risikoanalyse'!A2:A201=3,IF('Risikoanalyse'!B2:B201=4,'Risikoanalyse'!E2:E201,""),""))} | I6: {=_xlfn.TEXTJOIN(", ",TRUE,IF('Risikoanalyse'!A2:A201=3,IF('Risikoanalyse'!B2:B201=5,'Risikoanalyse'!E2:E201,""),""))}
C7: Liten | D7: 2 | E7: {=_xlfn.TEXTJOIN(", ",TRUE,IF('Risikoanalyse'!A2:A201=2,IF('Risikoanalyse'!B2:B201=1,'Risikoanalyse'!E2:E201,""),""))} | F7: {=_xlfn.TEXTJOIN(", ",TRUE,IF('Risikoanalyse'!A2:A201=2,IF('Risikoanalyse'!B2:B201=2,'Risikoanalyse'!E2:E201,""),""))} | G7: {=_xlfn.TEXTJOIN(", ",TRUE,IF('Risikoanalyse'!A2:A201=2,IF('Risikoanalyse'!B2:B201=3,'Risikoanalyse'!E2:E201,""),""))} | H7: {=_xlfn.TEXTJOIN(", ",TRUE,IF('Risikoanalyse'!A2:A201=2,IF('Risikoanalyse'!B2:B201=4,'Risikoanalyse'!E2:E201,""),""))} | I7: {=_xlfn.TEXTJOIN(", ",TRUE,IF('Risikoanalyse'!A2:A201=2,IF('Risikoanalyse'!B2:B201=5,'Risikoanalyse'!E2:E201,""),""))}
C8: Meget Liten | D8: 1 | E8: {=_xlfn.TEXTJOIN(", ",TRUE,IF('Risikoanalyse'!A2:A201=1,IF('Risikoanalyse'!B2:B201=1,'Risikoanalyse'!E2:E201,""),""))} | F8: {=_xlfn.TEXTJOIN(", ",TRUE,IF('Risikoanalyse'!A2:A201=1,IF('Risikoanalyse'!B2:B201=2,'Risikoanalyse'!E2:E201,""),""))} | G8: {=_xlfn.TEXTJOIN(", ",TRUE,IF('Risikoanalyse'!A2:A201=1,IF('Risikoanalyse'!B2:B201=3,'Risikoanalyse'!E2:E201,""),""))} | H8: {=_xlfn.TEXTJOIN(", ",TRUE,IF('Risikoanalyse'!A2:A201=1,IF('Risikoanalyse'!B2:B201=4,'Risikoanalyse'!E2:E201,""),""))} | I8: {=_xlfn.TEXTJOIN(", ",TRUE,IF('Risikoanalyse'!A2:A201=1,IF('Risikoanalyse'!B2:B201=5,'Risikoanalyse'!E2:E201,""),""))}
E9: Ubetydelig | F9: Lav | G9: Moderat | H9: Alvorlig | I9: Svært alvorlig
E10: KONSEKVENS
E13: Restrisiko
E14: 1 | F14: 2 | G14: 3 | H14: 4 | I14: 5
B15: SANNSYNLIGHET | C15: Svært Stor | D15: 5 | E15: {=_xlfn.TEXTJOIN(", ",TRUE,IF('Risikoanalyse'!C2:C201=5,IF('Risikoanalyse'!D2:D201=1,'Risikoanalyse'!E2:E201,""),""))} | F15: {=_xlfn.TEXTJOIN(", ",TRUE,IF('Risikoanalyse'!C2:C201=5,IF('Risikoanalyse'!D2:D201=2,'Risikoanalyse'!E2:E201,""),""))} | G15: {=_xlfn.TEXTJOIN(", ",TRUE,IF('Risikoanalyse'!C2:C201=5,IF('Risikoanalyse'!D2:D201=3,'Risikoanalyse'!E2:E201,""),""))} | H15: {=_xlfn.TEXTJOIN(", ",TRUE,IF('Risikoanalyse'!C2:C201=5,IF('Risikoanalyse'!D2:D201=4,'Risikoanalyse'!E2:E201,""),""))} | I15: {=_xlfn.TEXTJOIN(", ",TRUE,IF('Risikoanalyse'!C2:C201=5,IF('Risikoanalyse'!D2:D201=5,'Risikoanalyse'!E2:E201,""),""))}
C16: Stor | D16: 4 | E16: {=_xlfn.TEXTJOIN(", ",TRUE,IF('Risikoanalyse'!C2:C201=4,IF('Risikoanalyse'!D2:D201=1,'Risikoanalyse'!E2:E201,""),""))} | F16: {=_xlfn.TEXTJOIN(", ",TRUE,IF('Risikoanalyse'!C2:C201=4,IF('Risikoanalyse'!D2:D201=2,'Risikoanalyse'!E2:E201,""),""))} | G16: {=_xlfn.TEXTJOIN(", ",TRUE,IF('Risikoanalyse'!C2:C201=4,IF('Risikoanalyse'!D2:D201=3,'Risikoanalyse'!E2:E201,""),""))} | H16: {=_xlfn.TEXTJOIN(", ",TRUE,IF('Risikoanalyse'!C2:C201=4,IF('Risikoanalyse'!D2:D201=4,'Risikoanalyse'!E2:E201,""),""))} | I16: {=_xlfn.TEXTJOIN(", ",TRUE,IF('Risikoanalyse'!C2:C201=4,IF('Risikoanalyse'!D2:D201=5,'Risikoanalyse'!E2:E201,""),""))}
C17: Moderat | D17: 3 | E17: {=_xlfn.TEXTJOIN(", ",TRUE,IF('Risikoanalyse'!C2:C201=3,IF('Risikoanalyse'!D2:D201=1,'Risikoanalyse'!E2:E201,""),""))} | F17: {=_xlfn.TEXTJOIN(", ",TRUE,IF('Risikoanalyse'!C2:C201=3,IF('Risikoanalyse'!D2:D201=2,'Risikoanalyse'!E2:E201,""),""))} | G17: {=_xlfn.TEXTJOIN(", ",TRUE,IF('Risikoanalyse'!C2:C201=3,IF('Risikoanalyse'!D2:D201=3,'Risikoanalyse'!E2:E201,""),""))} | H17: {=_xlfn.TEXTJOIN(", ",TRUE,IF('Risikoanalyse'!C2:C201=3,IF('Risikoanalyse'!D2:D201=4,'Risikoanalyse'!E2:E201,""),""))} | I17: {=_xlfn.TEXTJOIN(", ",TRUE,IF('Risikoanalyse'!C2:C201=3,IF('Risikoanalyse'!D2:D201=5,'Risikoanalyse'!E2:E201,""),""))}
C18: Liten | D18: 2 | E18: {=_xlfn.TEXTJOIN(", ",TRUE,IF('Risikoanalyse'!C2:C201=2,IF('Risikoanalyse'!D2:D201=1,'Risikoanalyse'!E2:E201,""),""))} | F18: {=_xlfn.TEXTJOIN(", ",TRUE,IF('Risikoanalyse'!C2:C201=2,IF('Risikoanalyse'!D2:D201=2,'Risikoanalyse'!E2:E201,""),""))} | G18: {=_xlfn.TEXTJOIN(", ",TRUE,IF('Risikoanalyse'!C2:C201=2,IF('Risikoanalyse'!D2:D201=3,'Risikoanalyse'!E2:E201,""),""))} | H18: {=_xlfn.TEXTJOIN(", ",TRUE,IF('Risikoanalyse'!C2:C201=2,IF('Risikoanalyse'!D2:D201=4,'Risikoanalyse'!E2:E201,""),""))} | I18: {=_xlfn.TEXTJOIN(", ",TRUE,IF('Risikoanalyse'!C2:C201=2,IF('Risikoanalyse'!D2:D201=5,'Risikoanalyse'!E2:E201,""),""))}
C19: Meget Liten | D19: 1 | E19: {=_xlfn.TEXTJOIN(", ",TRUE,IF('Risikoanalyse'!C2:C201=1,IF('Risikoanalyse'!D2:D201=1,'Risikoanalyse'!E2:E201,""),""))} | F19: {=_xlfn.TEXTJOIN(", ",TRUE,IF('Risikoanalyse'!C2:C201=1,IF('Risikoanalyse'!D2:D201=2,'Risikoanalyse'!E2:E201,""),""))} | G19: {=_xlfn.TEXTJOIN(", ",TRUE,IF('Risikoanalyse'!C2:C201=1,IF('Risikoanalyse'!D2:D201=3,'Risikoanalyse'!E2:E201,""),""))} | H19: {=_xlfn.TEXTJOIN(", ",TRUE,IF('Risikoanalyse'!C2:C201=1,IF('Risikoanalyse'!D2:D201=4,'Risikoanalyse'!E2:E201,""),""))} | I19: {=_xlfn.TEXTJOIN(", ",TRUE,IF('Risikoanalyse'!C2:C201=1,IF('Risikoanalyse'!D2:D201=5,'Risikoanalyse'!E2:E201,""),""))}
E20: Ubetydelig | F20: Lav | G20: Moderat | H20: Alvorlig | I20: Svært alvorlig
E21: KONSEKVENS

Sheet Data
A2: Meget Liten | C2: Ubetydelig | D2: 1 | F2: Godta/Akseptere
A3: Liten | C3: Lav | D3: 2 | F3: Redusere
A4: Moderat | C4: Moderat | D4: 3 | F4: Dele/Overføre
A5: Stor | C5: Alvorlig | D5: 4 | F5: Unngå
A6: Svært stor | C6: Svært alvorlig | D6: 5
